video_name,label_first,selected_side_<lambda>,elbow_angle_2d_smooth_mean,elbow_angle_2d_smooth_std,elbow_angle_2d_smooth_min,elbow_angle_2d_smooth_max,elbow_angle_3d_smooth_mean,elbow_angle_3d_smooth_std,elbow_angle_3d_smooth_min,elbow_angle_3d_smooth_max,body_alignment_angle_2d_smooth_mean,body_alignment_angle_2d_smooth_std,body_alignment_angle_2d_smooth_min,body_alignment_angle_2d_smooth_max,body_alignment_angle_3d_smooth_mean,body_alignment_angle_3d_smooth_std,body_alignment_angle_3d_smooth_min,body_alignment_angle_3d_smooth_max,hip_angle_2d_smooth_mean,hip_angle_2d_smooth_std,hip_angle_2d_smooth_min,hip_angle_2d_smooth_max,hip_angle_3d_smooth_mean,hip_angle_3d_smooth_std,hip_angle_3d_smooth_min,hip_angle_3d_smooth_max,knee_angle_2d_smooth_mean,knee_angle_2d_smooth_std,knee_angle_2d_smooth_min,knee_angle_2d_smooth_max,knee_angle_3d_smooth_mean,knee_angle_3d_smooth_std,knee_angle_3d_smooth_min,knee_angle_3d_smooth_max,elbow_angle_3d_smooth_diff_mean,elbow_angle_3d_smooth_diff_std,body_alignment_angle_3d_smooth_diff_mean,body_alignment_angle_3d_smooth_diff_std,hip_angle_3d_smooth_diff_mean,hip_angle_3d_smooth_diff_std,pose_detected_mean
1.mp4,incorrect,right,131.52938488737357,50.035480809140246,37.01425513905168,178.07954662162732,132.99302589485754,26.328173181395844,89.5823557733579,166.492159375229,162.16956476451355,13.178542953530446,136.66443770260025,179.9395931008317,158.7666230839926,10.430664680721199,136.39596382969492,173.07629732561037,168.5027432357208,8.205630745528586,147.33268157492583,179.78687333351257,163.02866649510207,7.322492758307351,146.60542041903875,176.27048120910945,152.78405359757724,4.05255665883576,145.4386308114469,162.24874620218506,151.55682599289736,4.188542036979598,143.09933355548304,161.2041324025696,0.046671223501245286,1.9392999123093089,-0.024746072597701584,0.783434882363861,0.003578551648859948,0.7755657501389864,1.0
10.mp4,incorrect,right,143.7096196556132,47.9223232843178,35.97571532365639,180.04950278052183,122.1308296213353,29.776975444436026,58.17932545014994,153.7509539871029,169.43776409193825,5.977259971388767,158.3532591431211,179.5340727040204,163.94330944732303,3.6056377484861435,156.8635579284642,172.59336339171307,171.41732975197482,6.096538446985657,159.52848786168454,179.6979578227021,165.06700074819966,7.659450362796937,150.34020658351955,178.10969457517479,156.85051026454857,6.433792051105353,146.88497911838556,169.67063703828214,155.8462262230314,6.751475479094899,145.19576382660617,168.33625903565922,0.12651311697361847,3.27157786994376,0.012559318343843643,0.7359507974718613,0.072173878310884,1.2533096140881272,1.0
11.mp4,incorrect,right,124.31830908313529,61.609327938666915,6.362616345369478,181.27794801227319,117.4402917410644,38.226489116663565,56.695956939871266,156.89809238384026,161.90636567661605,8.052657785323417,148.06422199966585,180.12783023625872,159.20702930631393,6.59542324874847,147.9468178855443,169.92110522237493,174.7108492505197,4.187903417626438,164.78732400584684,179.97382394486974,168.01835117865673,5.219672803204501,159.53339695326645,175.61687747404326,149.4415556582597,4.8960312764477125,142.19691191392735,158.9410575590342,148.76476336020602,4.2336787192092,142.20865886784284,157.63488410589682,0.041824796970691365,4.245996204485908,0.01436349108288313,0.9078197964786754,-0.12366964439670053,1.1631411467754416,1.0
12.mp4,incorrect,right,140.16614752480396,52.02929949722262,12.468674293526954,180.27685670639008,121.8260549503966,29.163012255139677,63.31351481013185,154.8141970303863,169.8523253332889,6.9179452906082375,159.01271130345668,179.74938998593228,161.849822487444,4.782042988293421,151.3344423800076,170.11335456988115,165.90020901780895,4.044052941503836,156.74938318778666,173.90951642396038,158.38720134705588,7.147838798838307,145.2318101199631,171.92268323840136,133.58310661906253,16.527778677824685,104.66707329347864,160.82977489265892,132.67787799370058,15.57658227482219,103.57521418621592,158.33179881254992,-0.07291328324340493,4.102400230416525,0.0021956102742308305,0.8660736571359628,0.004506063877197638,1.1516182610229446,1.0
13.mp4,incorrect,right,116.39607192449546,53.141496451888464,13.799649704341379,179.66243598520998,111.17475905362393,27.44158878056359,60.73791892733948,148.27768921827732,162.9205287360426,8.16306275041758,143.86699832418782,177.95210377685555,160.2078317536874,7.299840675554072,143.8206130869565,174.0126158757409,170.29692208716347,7.512728364045993,156.23676033307873,179.4991323361134,166.80018688959396,8.979368708950712,147.61516618181417,178.66509978102863,140.0051022954865,10.235225285650836,123.61377604820531,162.88827970718356,139.66337872457206,10.126724808453277,123.49867077586943,162.70213154732335,-0.019197033390506844,3.9604152639846903,-0.03739505723527354,1.004667508462089,-0.07742602410992111,0.9502663790679949,1.0
14.mp4,incorrect,right,144.460590525978,40.705196564061296,41.86773065376802,178.389056065671,136.64925407123684,29.245141778630973,61.25452053266738,169.34364147348788,162.78131579755683,14.275930554895657,135.73884685023273,178.82623929155665,157.3388582818476,10.529641507194318,136.16140751134017,173.05043820965204,166.52941521472442,8.263673796343435,146.6230192705031,178.64824510739464,160.52359208396487,7.829394559346421,145.7690544710656,177.33287832374873,161.40673349206534,5.901701672288521,146.59895279581633,169.18226009874013,160.50031529743487,6.019456714425974,144.85493637098864,168.5906739909483,0.17004955751145973,2.6147136187235462,0.04980703148755545,0.9932675812304421,0.08697386251371185,0.9763883781995888,1.0
15.mp4,incorrect,right,139.21153995476323,44.68087875232611,39.3831600186614,176.91623424052977,135.84187925287574,31.322619200449136,59.03944501375682,167.37820421621603,162.01200370046126,14.381138106539433,133.84821543156986,179.2996333189214,157.46323599805154,11.213338690771472,134.15588426567854,174.335724378323,164.07084778355943,9.696340172230496,141.8039855616984,178.6125386317734,159.05007880092643,8.064361570032165,141.34991392907182,175.93641995278375,165.3672411057904,3.787315549670786,158.1252154997075,173.71435181538396,164.10302773933572,3.3427660384380524,157.07525934311855,170.17508165342286,0.09869691285490748,3.217811033565351,0.02741137779383158,1.0991407565904951,0.052585971483072494,1.0857085258286476,1.0
16.mp4,incorrect,right,141.4020745830601,41.92638732285067,43.46229774584194,174.91805353902413,128.44510499589612,33.009719891076365,43.40451268512085,157.75342544108443,163.85091948700966,9.891241899410007,146.22949680691167,178.9362764075983,159.8508391479281,8.460887188880864,144.746345738076,174.45356025079727,170.55282659515092,5.024454236058631,161.22998979647062,178.86120110863718,163.33581708661404,6.636564450085574,153.12915454928267,175.3279182178825,146.63632334735112,23.832096186410453,101.79157157394647,170.3052984841911,145.7610761310791,24.36558894038148,99.61463934414326,170.12395032459813,0.12198110366539384,4.152624107676115,-0.08483987534185185,0.7719659699559126,-0.008775657018939379,0.8727284918882704,1.0
17.mp4,incorrect,right,142.31157487916198,40.54092891531866,44.41840281372339,175.8153054789376,131.49941790035072,30.56725124017992,46.79598950329952,157.26880879496593,151.5975385826252,2.6356927746600167,145.22615409572174,158.5436833039459,150.18939467101126,2.806071802963784,145.229281767704,155.427859595825,174.87429922097297,3.7713788314549617,165.40005892557014,179.61652189421602,164.3497505864891,6.3821350662733245,154.67216445989115,175.55970963348688,123.92163729164506,15.010814666844272,105.84980559419623,146.9217567638118,123.03721303322608,15.648216616938093,103.30516246020196,146.78077585910938,0.07742139126482153,4.183428814432505,-0.07200876868461244,0.5206162850053655,0.048273124597320416,0.8408241126470216,1.0
18.mp4,incorrect,right,107.72059231945265,62.58514842053104,21.624213436670555,175.32709001614768,121.02607581778648,31.577532974119734,66.06003433407918,158.99898603873902,153.52443214451142,3.3711510240942726,146.9709703597709,159.25650109082972,152.44546680544485,3.9008092474687,145.04085088101817,157.4441599336889,173.76642993866338,3.7563206578668122,167.8914600230559,179.94011027804834,167.10060043094936,4.6295243085713595,159.17795769065455,172.59306125705444,137.2059764537505,15.824663435751672,108.68496569516793,152.61147200695143,136.72469567187105,16.249972592345582,107.58128907123512,152.55836404745563,0.03538955134122751,2.3330665254857608,-0.015358783776427555,0.3994063593958714,0.014029614113991553,0.5784888761018471,1.0
19.mp4,incorrect,right,145.7421076200292,41.15171759442969,39.267839066121724,179.7310079652045,140.22185209205344,27.32531990757079,69.45797485619617,167.656119780489,162.8216058830899,14.4723307588768,135.54568369977028,179.11625164620156,157.62473756484127,10.770906255927246,135.8739057910601,172.9278691081655,166.16021880006443,8.179375966257508,146.91184081611195,178.79135804750484,160.5907502291667,7.3818798738803215,146.162467368032,176.804634736825,161.24967825725503,5.605451776087785,143.96704296701745,167.72511060462278,160.43472948018797,5.882697315166749,142.4875503110565,166.39582623712087,0.05989173291968291,2.405723436068905,-0.03489236617359075,0.9944895376083702,-0.026294928897752926,0.9723228615573483,1.0
2.mp4,incorrect,right,152.56000188323807,35.598097033592616,46.40499575305233,175.44409763309454,140.00861335007423,20.425425230599277,93.45112133868636,161.7718941866178,161.01583989729284,11.910927939757851,145.77585503385058,179.59187870409716,157.39832872637047,9.444282033122686,136.06695214853667,173.01619068591117,172.51242000439603,4.265457721145131,158.7430893170407,179.07885269721513,164.7439485040585,5.019275200223326,149.5414191858667,176.36584493383702,137.35940178919532,18.75334345903989,106.43470578102972,166.79804933455867,136.25940941008528,18.691832005512655,105.56380989570542,165.21397009680493,0.08580533367498153,2.209096238239842,-0.04441969363500747,1.0551731644884388,0.012986821860479746,1.0245149666426931,1.0
20.mp4,incorrect,right,136.15922112299614,45.90940055480761,37.94692880102312,175.57370519293465,133.44865302041654,30.943669852657855,73.35184677669321,165.44903009975096,159.8551032292687,13.339615037164341,133.69534827731312,177.90690385409903,156.14140293580598,10.906251844067167,134.0507352126738,173.06344692671217,162.43542971701706,9.373163540089003,141.4625908233167,180.70923844304053,157.9886120837958,8.20458340580385,140.85620595672285,174.5011774196608,165.0738510691472,4.331171851800264,156.4908093585359,174.69384081428683,163.64102437404864,3.779336386165857,155.4363336037327,169.63202399158723,0.19803944649721342,3.3617696283256366,0.05269817867816452,1.0807586308862174,0.09235884683795162,1.0501400672009527,1.0
21.mp4,incorrect,right,143.18205746131966,41.3822847281967,43.51875689990926,175.39255357599887,129.3279883886232,32.2631027114919,44.24502361399142,157.75342544108443,163.62119997574402,9.648020263359026,146.7318857063693,178.9362764075983,159.56772534861534,8.23800836325251,146.6427840091646,174.45356025079727,170.46858002664004,4.846386832128553,161.22998979647062,178.7806745197214,163.08616838087622,6.864687409956262,153.55462523741943,175.3279182178825,144.5279685563066,25.057424452496164,101.6822821630995,170.3052984841911,143.65596324134248,25.537837583013225,99.69906455429525,170.12395032459813,0.06498153426165378,4.006133290459299,-0.1091682209030662,0.6979124450623062,-0.017778187813244053,0.8116172670372187,1.0
22.mp4,incorrect,right,146.31389366193426,38.06250219177125,46.42161073202321,175.65563990196114,133.7600952557142,28.814659486087585,50.94103037348862,157.52782668408886,151.96466062202924,3.09388522483144,144.1427806888534,161.25981707745788,150.4150093445601,2.811942267948416,144.1473320633024,157.56421017556522,174.21370613572503,4.117500744841574,164.0225662416015,180.0062714233933,163.0778175128234,6.2716324417701985,152.07493038975608,177.36053691380414,121.67155809441667,15.392287853310444,97.00221492232444,149.19037711897641,120.59375783099715,15.980997982969896,94.78261429915422,148.8483563868778,0.046769082174808733,3.4539888647501726,-0.04593643977004632,0.4615905045255063,0.01842491848995907,0.7571703827675098,1.0
23.mp4,incorrect,right,95.84161227099182,60.002303289584866,24.48674253343564,174.36503506532785,109.70648329961483,34.5744157086386,59.65437274715479,161.41776594263536,153.8945181083926,3.1877494032241684,148.21016427911513,157.32131659099258,152.94345786722366,3.8577548497991536,145.1754952237515,157.10234708931762,173.70539775843827,3.3462825755749974,167.43413646631254,179.52730209481467,167.55698107081372,4.110786740994752,158.1415552948598,172.47890152416304,139.1397265717487,14.704481570193623,111.77179315597368,153.18609411186802,138.742346583189,15.108042993643268,110.20378323454824,153.08144396070327,-0.0011562274973921,2.938309669156623,0.045501522120468825,0.3399938870427916,0.08996428925629726,0.44072928616539925,1.0
3.mp4,incorrect,right,145.4323054286888,43.8767864477606,38.757374646256466,177.97443303506765,139.48933175407487,28.391019074663504,84.31350909175545,166.613114488636,163.38766499684107,13.352910866000084,142.82328199375456,179.84039177884947,158.79925859961233,9.567851364926453,141.95590827169568,172.2568897192714,169.74163633192742,6.292564371028421,155.95470250031667,179.51856537895065,163.78042546515056,5.7507894006011195,145.49573731289732,176.1511566839638,150.6285525071621,7.765664333771123,136.60298473879138,162.9901590906081,149.58303260666415,7.756109333630075,136.4535424941007,162.36408805859105,0.26735124648672776,2.69791521311851,0.041076716073038075,0.9193189503146847,0.15113581763554504,0.9481491321777379,1.0
4.mp4,incorrect,right,142.45515368292854,31.826538979254018,70.49851579632802,172.1376327264654,126.12257334233732,30.28974542921965,75.18344012347282,162.8287739743448,170.34279381088183,5.769875175687521,160.67787472493708,179.36539200536214,165.26793593061677,3.7259026621563813,158.2666955234838,172.55073203701164,174.6585010939414,4.240953397155479,163.62283784134104,179.46929067450196,166.1057275119518,7.500688209760194,150.61141018896097,175.00113841263664,152.34963927020306,4.553503987695578,143.7132072987569,160.43110659275132,150.52025079033356,4.499955561397755,142.79469332752,158.22051823192368,0.20455182235186609,3.628524131786319,-0.021770981289923726,0.9249095786075598,0.10559368671742295,1.1499750187497275,1.0
5.mp4,incorrect,right,121.33653115486496,53.401398510783665,26.401078986407228,173.81774996942949,130.7056696088503,26.966495218897578,79.44398022248947,160.84356815988636,155.53181684079917,9.631410993438344,141.70784580456922,176.6107412268354,154.0916595964856,7.993778710174638,141.5263538193571,170.14919631504137,169.20771733169974,6.857708489804657,155.0518814247877,179.04377444356655,165.10105704180657,5.868339770445593,154.29874585281937,178.30645760499172,146.3567062658743,5.71653363353492,132.28463850360825,155.31840922430527,145.75185429224751,5.838144686545562,131.98329372656457,153.19596603024027,0.15495193036253704,2.4424594902417303,-0.037406733352846916,0.883771389805943,0.006123173188743951,0.9145532884378853,1.0
6.mp4,incorrect,right,129.02733884171684,46.871716315695515,38.43887303965052,172.29108899796628,136.25678585700396,19.56108044011296,92.27674949659752,162.0289241158293,153.9000599248687,13.138686865407886,131.6333158134845,179.38150923782064,152.9404462260656,12.180859438274334,131.43799215094475,175.84980736462134,162.3808774603238,9.300558384391376,143.2278435268663,179.35571798827434,157.17990413752497,7.711329207490756,137.36157890433046,170.14521517252547,152.08833898264,9.384124250403746,134.32663200617247,173.68903074883957,147.77237775603135,11.908069424829545,110.53140975742656,164.11657486771486,0.13211105885470623,1.8568394127120185,0.03578440221164959,1.2303579476045703,0.2413000301368948,1.2901987267250947,1.0
7.mp4,incorrect,right,133.87357821673683,40.03708026245922,38.082276405473046,170.57735866917596,133.2012144442159,17.178683624488176,100.31195686310329,161.29322918178394,154.20322713542618,13.70348742587931,130.31450856516037,179.33243923641086,151.7140392195513,10.891369941801582,130.27145491397852,169.51595140190784,161.51595744228797,10.53895624054307,139.96107735895202,178.30760672482117,155.95570151505873,6.53275313204311,139.4326521995773,164.31396843370212,157.04058891131362,4.129815384838077,149.14176471583554,166.8410362385378,154.82253312178875,5.404069902449275,143.12866077283266,163.05943312795583,0.18329043195613257,2.4704785250392627,0.049176477166671714,1.241493244564426,0.17226786911897088,1.1936062566769756,1.0
8.mp4,incorrect,right,117.5777023853778,48.22729058016934,47.838089013835365,179.5188184581355,102.11048771256303,38.60048155427769,37.54859109153594,151.77083347836023,165.3927536949839,7.359610245448858,153.93176273178815,177.8847356847189,160.6221293700552,5.41789698566888,153.25563055372817,173.73249316645456,170.4331434118576,8.213970498437009,154.54546017854162,179.89933910130136,165.31160115553556,11.842004225105727,140.6269883910322,178.58825819250723,149.74905289928213,8.389966902825773,135.7911938559027,171.81469465399937,148.81413872004376,7.923212202887783,135.7408727786606,171.99269532559498,0.01703837632862319,4.163511483680314,-0.049066520360039584,0.8995766011548713,-0.09419700171367809,1.6111172921313603,1.0
9.mp4,incorrect,right,150.07668013672915,35.93045870777755,73.0986427070177,180.1568369975628,125.25923408997093,26.21386460918078,82.12416253719043,151.20729277669585,169.82899406893497,5.079356003765378,161.73916586489088,179.2757373564611,164.00682350679284,5.8937795732198985,156.76686551531952,175.61354560667178,162.48934207343333,4.9861160657172166,155.8874162564569,172.3415160574371,159.6277239785108,6.424692508243592,151.990581580668,171.82369804795314,159.88789720413092,7.185523355974104,149.21026165843261,171.3897906034918,159.27933066614497,7.515574690484165,147.10294568488666,170.34010855078282,-0.02507302838150036,4.86877788418654,-0.01241967739728562,1.0072795424657222,-0.03235950627556576,1.0253309223634213,1.0
Copy of push up 1.mp4,correct,right,162.05867995149907,14.777556768087823,128.7395533383004,174.15969039342147,150.998132712543,7.365980417942273,133.51821193271593,159.35112482851198,156.68231070804214,14.080694932742688,130.7481176166716,172.79103213698963,156.26647869526903,12.977416810848098,132.0327032220945,172.48127064574794,155.40733087248842,14.698011148318766,127.58430409188023,173.72990392549752,154.95378680472896,13.55323805485928,129.07566163198982,173.46816530272903,176.91861055155104,1.9343242804809535,172.78375563951448,179.1675416732916,174.17739774272184,3.148509117486205,167.72313176142012,178.71916153318514,-0.05555334353121708,2.514281122459356,0.5652528354308151,0.9563680741869207,0.5935885732853686,1.0545673124403685,1.0
Copy of push up 100.mp4,correct,right,154.02305517554964,34.69212188976978,67.71611623423502,176.7551151813124,151.04012193918294,18.72295152241269,105.99114369384012,166.24828108932064,174.0536081355196,5.1553933253558775,164.3576580095303,179.68597950371594,169.64337485972666,3.8957332797628204,161.88061099789672,176.4273928796926,173.1113834761578,5.962477229399939,158.47715801441393,178.27546109023615,167.60250725972665,5.384545988426546,155.58117844435952,177.08331473375156,171.9007846972694,3.3337927997477315,163.66794775762492,176.69948552797985,170.41746770235915,2.691378751933396,163.50696922845458,174.8472815902256,0.018893689242035425,1.8447019719467235,0.06957537874648055,0.624330763082576,0.06874747577266263,0.6544541073507282,1.0
Copy of push up 101.mp4,correct,right,136.59263997140587,39.37335877587454,62.09818418242138,175.98435148146592,140.84947298449973,20.09424115509471,107.37609127379933,162.58466021988593,175.9327722364348,3.3708142871649662,168.85629041413392,180.50654537896418,173.61361541078543,2.740003867077086,168.22379060733576,178.37037752010934,176.8955017039724,1.5600057636418498,173.4196124533541,179.23617706402405,172.46641955585284,2.0176589889033827,168.85453817819212,177.0265292330498,173.0609714199929,2.478481354698582,167.80353523054995,178.0224800417169,170.98502262569795,2.0184848218208473,167.17004012882035,175.1413448531591,0.04736944657310491,2.3507812793503216,-0.012859088368736294,0.6867317205602268,-0.019073400270563173,0.691492848629392,1.0
Copy of push up 102.mp4,correct,right,136.94766893202433,39.64675273455288,63.96531695966202,175.46668470978963,139.9750225918487,20.059772711683152,105.548473498687,160.86980797518694,174.41337208603963,3.8930541893289714,167.56988887818267,179.8356365717057,172.15275427613733,3.3129006184494463,165.95269004589076,178.32093222056267,175.60102839545044,2.526629348056734,171.28310687446586,179.98461272559373,171.46958282459835,2.550841185635963,166.25573201393766,176.63634710842632,171.72539016703362,2.6822314544741244,166.36397905455715,176.99804221647355,170.06590076333978,1.9627868716495145,165.7019521814608,172.93498191865285,0.008064694869664513,2.0154928556962406,-0.03843205059547715,0.6009247135600064,-0.0688554785499817,0.601147216520343,1.0
Copy of push up 104.mp4,incorrect,right,130.76126034532834,42.77609567831191,49.523238542736664,178.4268496126141,132.1263892988263,26.574267722800553,88.14455341006752,164.63205474582566,166.46858048022256,10.039503601575236,138.37129892604923,179.7209175601282,163.94302081392937,8.807711622531006,138.6425523749694,178.0327143961441,168.74223174244233,8.271477572988905,148.37574947983288,179.71564182112857,165.02745136462727,7.850992402444017,147.09959668329537,178.72087723636076,167.26470042690278,17.825766925044665,99.44748656943061,179.38987269462444,164.3841564375785,16.977565445943434,98.86082743430865,176.08054355845132,0.005856727259928624,1.5583024499338558,-0.06001215906656214,1.0630129926876355,-0.0588422319268414,0.8429901956099193,1.0
Copy of push up 105.mp4,incorrect,right,139.71957338917477,40.89911375520518,58.62095189047105,178.58454741929035,138.638244846623,24.938451777232945,96.11705875912484,164.24743075919176,165.19903268218678,10.874744638820836,135.01972773845722,179.7315675140428,162.94001555276193,8.798094220702176,135.33562475401604,175.130608818065,168.38474417362053,8.08035971347231,151.37767790263786,179.2660555540727,164.407731217668,5.675181910499213,151.6481721265553,173.1463547989747,167.13068735889948,18.38872067530977,100.00076063970508,179.8156733548077,164.39291963203362,17.574012417690135,99.80283219692987,175.34260340639005,0.002362438661495267,1.3074340621923013,0.05361174038356159,0.997704055482078,0.03833809998268439,0.8841048465799427,1.0
Copy of push up 107.mp4,incorrect,right,133.06974881453016,50.686932601167044,50.499108912753776,204.6561277547734,140.81144104246977,27.090987663762224,91.62976794705423,168.10692095211007,155.64545670368923,9.674842718099525,137.840110898857,175.76631798227226,155.16317317513742,9.259678635065525,138.04436887648188,173.9130155263133,161.96589515724438,9.844640672931268,148.44856758419868,175.8532770378741,160.94863391521088,9.573805576121973,146.94497660910403,174.38620639952921,151.9225363741372,24.028219630234638,98.43213708607686,180.5702083629621,150.345318954666,23.35324156339264,97.77070675609528,178.70365410607104,-0.05203414144833083,3.2524358681214647,-0.2388355582521502,1.679511923539872,-0.16279726723123317,1.295511308161558,1.0
Copy of push up 108.mp4,incorrect,right,138.83979597872508,41.78215732842652,53.86677972251701,178.57815041367198,139.7999190217111,23.93053014076684,98.17203220194303,165.7010331897602,166.68369158597778,10.184969253421645,136.99759057976752,179.74021447181508,164.14088124875647,8.16000388171484,137.2394378124493,175.5900610005674,169.54202040359172,7.1616309035282555,153.2283519580996,179.87777311133235,165.43059271383814,4.981060909511839,152.1694362500518,174.2020068937531,168.12775499441207,18.15713861984194,101.30327369933269,179.79463691978376,165.33010519440538,17.189757263128683,101.12212957422763,176.39349726840948,0.007940576918382049,1.313243345989609,0.025520437139930827,0.9389161921891378,0.0009781734244897684,0.8214471375356242,1.0
Copy of push up 110.mp4,incorrect,right,135.77310237557626,41.515296584917905,58.4143653116299,179.09923065577595,136.84049474219415,25.640684747995156,93.90821117650776,165.42430898530102,166.28490541468668,10.862378500136826,133.9118498838924,179.43060671591388,163.68793309744962,8.959204653389378,134.25506821318137,176.51447815093567,169.43506703548647,7.997892432578022,152.04800892908628,179.59996307946264,164.93053013714257,5.859232352202007,151.09908692664453,173.36565984450743,166.54494541158223,19.087305351960275,98.54916682655022,179.76533381467374,163.55623533561987,17.9915081093093,98.68535218079697,176.97653062317866,-0.006707918453172591,1.535299870790244,0.025656608152148267,1.036699799362529,-0.002323841235249209,0.9091042608609773,1.0
Copy of push up 113.mp4,correct,right,135.66134784370328,40.13913077574454,61.349116790728324,176.45247967798386,139.77488134176323,21.225205717049683,102.25692338954627,162.38843971150672,176.44043422557164,2.6712232629854844,170.59862770446205,179.97186700421256,173.87541589106925,2.3446958553475663,169.21538700252137,177.7634690381131,177.1726443216839,1.283229809063402,174.4346713432588,179.06152439156835,172.54602962742587,2.0429185172517434,168.90176493801965,177.14747133711538,172.9548823278322,2.714714897289001,165.42571337876296,177.29134499368195,170.81372136424835,2.127025047352343,165.2495551001331,175.2707365614289,0.013947551099889585,2.6295565264429537,0.05584661819866492,0.6111247494135911,0.035883026042393705,0.6022995648139591,1.0
Copy of push up 114.mp4,correct,right,138.98433977477583,39.67032366250999,62.417160691972825,175.1171787298362,141.91898733926453,19.678658386832094,105.11816301405396,161.54646837760814,174.98421775694948,3.0752922155567326,169.28263257412323,179.58547443401463,171.8379581264523,2.284168172787033,167.678720426209,176.287883445781,175.98378348734468,2.163985355197518,171.01329362912526,179.42509545502799,170.96160356296375,3.234765294437614,165.8726617073223,177.02232993734955,171.94778628337298,3.067291241252653,164.78453256848357,176.8649740165175,170.1196358371287,2.427115416227654,164.70358640002496,173.7972641220123,-0.006935516638594924,1.9473070942944035,-0.03890583671957707,0.5286294865786955,-0.06136093791183902,0.6061337425852744,1.0
Copy of push up 115.mp4,correct,right,153.46181319656534,38.249593563254,53.06203337452794,178.99892795606388,151.14328264161264,20.995984217760302,90.38693108258815,168.68604052577632,169.79060885226457,4.254213274041745,164.88738111440694,179.46696174720603,167.97099257701348,3.4472126109040344,164.53009976831078,177.05722473532032,169.3277822767201,3.150745190901315,163.92850479655638,177.81606269126007,167.17889441718714,2.6383099326252837,163.4583526956838,175.44241701326644,177.20759171176707,1.8056912540527406,171.11282815877598,179.21950726991346,176.13445050660172,1.8442922377365285,170.9772111063653,178.4016132606763,0.06216536720092905,2.4111224039263974,-0.034825269630458795,0.5293234269189895,-0.024759663732627918,0.5964233921843946,1.0
Copy of push up 116.mp4,correct,right,151.0950330074827,38.39905595933402,56.40236898975817,176.54212695295786,140.34225745307066,6.775616214361736,120.19085414342146,151.39637680599546,163.37822580271597,8.818615283828215,148.31174422053405,179.6883420395347,161.1560597887252,6.170381494022026,148.78421005543507,174.30181924390743,153.9706670133967,8.071967901574707,143.5942866703157,171.03813810556613,153.38099947914912,6.935292608048967,144.3469824610066,168.46751402576072,159.86588204657028,2.854402630588657,155.4520344561691,170.31645671574972,160.11587230480896,3.152367294772636,155.2073583079057,170.59605846609676,-0.004058820933624776,2.102101584171309,0.1078840065627821,1.0761903813540308,0.05919322746990282,1.0281821493077952,1.0
Copy of push up 127.mp4,correct,right,132.8727002674545,48.513658851841434,53.61817420367575,177.22364351524809,125.0015639753064,44.30330322296193,51.2539728702957,164.90176374744968,173.44960791235874,4.313395920672349,163.44619053829626,179.62877706593483,164.8059451705013,3.9141475549782894,157.68450825895462,170.82041550782833,172.46818724323663,4.829809137617344,163.52045837637542,179.94829505253406,162.8592441853883,8.232571374130607,152.13500092881196,175.03861770970053,164.02062265882648,2.4956765170980115,160.8350378986716,169.64673377788765,162.60035198172574,2.3701898899093212,159.3165620468808,167.74128739275832,-0.05209226101068067,3.9406597949066304,0.04220044306419418,0.7129098936435302,0.08877214266031912,0.8380502339714992,1.0
Copy of push up 129.mp4,correct,right,122.70046511889112,51.370058070726174,52.88815436494325,175.91131078788658,116.79972189941977,46.78417815113042,51.48621729142398,164.51997581619065,174.07501013811876,3.011034731724091,165.47116290494608,178.64547402299513,166.23908558444003,4.939954405072439,158.27076801788323,173.10458742431058,171.49578157482284,5.459966720578821,159.25417070681613,179.03757248888417,163.29192846237132,8.666020549287317,149.79648463985805,174.33045376583016,164.30588683114897,1.9513565128969381,160.8302771015798,169.32537093126248,163.13615403040663,2.0787099168692995,159.29625314773065,167.45163459912771,-0.0292167158627616,4.31557081480951,0.040036803887837355,0.7519980347450425,0.0579614552543193,0.8416519147008453,1.0
Copy of push up 131.mp4,correct,right,133.31440750014977,36.251530203659456,64.99139674721889,162.8864671237489,134.4542731565785,32.99017490984838,73.83413832459497,162.7704996503688,176.252407348112,1.739289598015077,171.31399929154594,179.26118623447252,174.48331442668632,3.2088606155323456,167.15353465255006,178.49733245408567,167.73891482569042,6.347804551725243,154.68351167121662,174.9827767258475,169.96224824774535,4.771165785685436,160.61095933178763,176.23298974866947,148.29054955980183,7.049275090906173,134.34148190263917,155.61898080471067,156.93971405292828,4.32615426356153,147.69365765638796,162.18447910003664,-0.04094673781804845,3.739296804565286,0.06573628598426869,0.8929868960264769,0.1582093547765524,0.803941916443139,1.0
Copy of push up 132.mp4,correct,right,134.4369393258305,35.018840713359765,64.29706188898597,160.9299318860905,135.07510151562124,32.854614801076536,72.120245396249,160.36226244421127,175.98039033397285,2.4390711790009316,168.23006355343387,179.5549163267105,172.40655350300912,2.327435517000117,168.72511355201482,177.30128665669065,167.20696810999272,7.051756210570119,153.4801077339706,174.0713210760261,170.39041044873102,5.165197933346293,160.74115918136914,175.54567443620158,149.07388098634743,6.203577097487367,136.56218475356417,154.8600476869791,158.188531301929,3.690000913917484,150.77058785522962,162.61189496547632,0.0006749219579591115,3.6736174546394027,-0.04723595023905347,0.42473901148161797,0.11786096035907963,0.7233298622653361,1.0
Copy of push up 133.mp4,correct,right,133.81435989131742,36.62722294160375,63.632971000382135,162.0393391230162,134.64065008831383,33.48354214956708,73.38156612426816,160.96896670151148,175.94214591669933,1.6606461137186257,173.18754033321426,179.43377970485142,173.58656083498562,2.085747947696072,167.8112362282872,177.28606216626733,169.20469476635307,6.929135238526324,157.52010510365562,175.89032762382703,171.62275857154114,5.4110386433210955,160.99602573388353,176.81923656769098,148.67616701080104,8.68572491650343,132.61763838454436,156.8805637241376,157.44290832024822,5.42330833721209,147.043392051868,163.09156474969933,-0.0020133060212284212,3.8105083946861695,0.008757416935433185,0.7628796924016301,0.20317310318117204,0.9030874522137821,1.0
Copy of push up 134.mp4,correct,right,132.9370136197012,34.44552270218514,63.510905859048194,165.45706620959567,133.82789206744388,31.189836438002764,74.09199677906723,165.2797606083898,175.26667206227754,1.9205130388880418,173.02405750029686,179.44389813595706,172.32302940802634,2.152336754223052,168.97418906349168,178.15991186114354,169.41816476910972,7.568350883961382,155.53609477266775,176.15892793528928,171.2465840347588,5.42423167852859,160.67319350145812,176.84664692250755,147.83564867109595,9.211740149674535,129.84412806885024,155.4944309434237,157.17990410043242,6.3731114978417756,144.34177013186897,163.0279365000753,-0.1253463116699355,3.75390885655624,0.02003063556757961,0.8113534795131818,0.20402354028776185,1.1166178077868816,1.0
Copy of push up 135.mp4,correct,right,133.86269471687677,33.880772131223594,60.92634762422909,160.765309354518,134.75509710478306,30.76117827147211,70.60279603846803,160.76993525529807,175.96010459352794,1.2506892254972803,172.86478949030305,178.65562993915927,173.6625299472036,1.835183017487771,168.2944081773361,177.07821958625482,167.42762815152207,6.269576270828881,154.217886300757,173.82459243839054,170.29054082139191,4.726016121238276,161.08731706713758,175.44720598002885,146.14577978161296,6.395418370512519,133.32103039844299,154.72474608017762,155.5987632618424,3.9945926545640336,147.12636335464344,162.25394424524987,-0.08225055900977327,4.0228944689523365,0.00758820045816247,0.6978525030233604,0.1597465794898759,0.8933085549797468,1.0
Copy of push up 136.mp4,correct,right,135.05990151749833,35.511951907043155,64.02801843196974,160.66063374351768,136.52580299416636,31.876587135030274,75.60601961009512,160.4294198770223,173.3117074441291,3.215774393698926,163.26891696929198,178.65128814856735,169.90991098252292,2.8721706725761513,164.25684490293403,175.49755776705706,167.21066572383083,9.80781011362188,147.90201228722088,175.38245109373304,169.2408270075189,6.359104499998953,156.79438544881538,175.20676360568098,148.240823460084,7.023654660913184,133.72248805677134,156.08614464065226,158.5194049218936,4.580658345966079,151.09543495237259,163.9097998627563,-0.015152954338424328,3.7690886444214895,-0.05724878079660844,0.7283908377501305,0.13976788943265364,1.0006731138226173,1.0
Copy of push up 137.mp4,correct,right,130.96395731851976,35.135598944562986,64.0721759214115,158.0665702976703,132.26120266708753,31.41543182643088,73.84897702887007,156.8669086072651,174.74905453720194,2.0571673401662167,168.18734125823977,177.71095111762253,171.54655118392301,2.633376522057431,166.0155139981822,176.55184552692606,166.12478257662062,8.013257151072178,152.0967935979324,175.86062223841043,169.5283688735089,5.931962662470126,159.91090555086276,175.18088650098437,145.6887998321394,6.579610527003997,132.88344691418217,151.41548540481335,156.57473406496575,3.2794984621723167,150.5334256044614,160.0946384942827,-0.002532209147273891,3.8157160764107276,-0.009720623456902493,0.6998457709642162,0.11295401581326782,0.6341761616904927,1.0
Copy of push up 138.mp4,correct,right,132.6340644625743,36.638223485623804,62.40589541310341,160.96374297940076,133.92060308250905,32.129132533165304,73.64833587218553,160.19453698980186,175.098270877125,1.6681953197619974,169.7900421795498,177.75806954254074,171.00666945799537,2.3370088588491655,166.5457602688368,177.08311767095455,166.84444103382074,7.6901911750643475,154.11657661224422,174.60410073648083,169.4278092520931,5.236002813851801,161.09485792128083,174.66161034752554,147.4186487779951,7.13598894657544,134.48727843891447,153.70569719020233,157.45480990792265,4.019895112700084,150.55756314875129,161.79111769933928,-0.03549114321581577,3.8031126026250393,-0.031618715178231935,0.6562184577637905,0.09618315813403287,0.6981564678396783,1.0
Copy of push up 140.mp4,correct,right,134.2679970090214,36.39039669685488,64.71568658273006,165.85352347773969,135.36039173305417,33.21167030481905,74.95289064592947,165.48079453039307,174.13847331646866,2.5896388494347526,162.52447890459163,178.88789060170626,172.70041371559353,2.2163678792667647,167.5142197049079,175.8197573097218,167.27273883655275,8.13648808825753,152.61683262984366,177.92270562079133,170.4825928918123,6.141256547209224,156.9320167035738,177.6223937541692,149.99875938326926,8.289446712621084,132.93555365416935,157.82151156423225,158.24234163734815,4.5214874610060125,148.4039470089721,162.8097192826672,0.08838854344286921,3.196063859901641,0.06289858365031735,0.8033093656734872,0.23138479243846374,0.7089275350506227,1.0
Copy of push up 141.mp4,correct,right,135.03636478565383,37.34197546109976,60.19150424707229,165.19735780772447,137.01256061931878,33.08816144587728,75.35087183342401,165.09601136972464,174.48989563110254,1.9227922068101442,169.99293213824916,178.17170673965245,172.55639100725335,2.1013558403824675,167.4202299036525,176.53222017133746,168.7490819456966,8.066293580395973,154.7589134483896,177.29223382652788,171.33870722877018,5.481261234825179,161.91981549488503,177.89894707149736,148.8995129959753,6.810948610202097,136.4133961346427,154.6154323355603,159.3178467968936,3.7346604297901584,152.94163235474076,163.89775614437923,-0.04155030644878524,3.2586536337069463,-0.027686385569922183,0.6355349107599801,0.05018989880465325,0.732860186545899,1.0
Copy of push up 142.mp4,correct,right,133.55767428813138,40.47672493673576,58.63865105323858,166.39132983317228,135.79191857544564,35.53984521865372,73.58670742216002,165.12070290416904,175.61234463147673,1.191879723665104,173.39166832361659,178.62742209910928,171.63572003897596,2.9025818681855142,164.8622432556925,177.9094777468202,167.03255450803653,7.071699513359359,155.91296823484214,174.78494805027404,169.84825263235916,4.720145615012076,161.79506151672322,176.40953128230922,147.48032382035402,7.162330159769496,135.19996842486927,157.96231158333657,159.25098375658655,3.493914375573922,153.33681843469873,164.83502497632898,0.013343897231659274,3.306292110336317,-0.06705958177031254,0.5802418266616183,0.06119652804947471,0.7084175155465683,1.0
Copy of push up 144.mp4,correct,right,136.7712752309935,36.55502559758949,65.68321074929514,167.4963108540851,137.56686216477053,33.89616255736928,74.31930110973721,167.4684422090787,176.13688226401686,2.0145365763416585,171.35026530553765,179.0165249277747,173.67816568201457,2.2672695756004266,166.94796465811166,179.14762324178787,169.7788374664874,7.052302332006921,157.21729908056275,177.58626515659233,172.09135546251488,5.267719387710292,163.1348947089895,177.62540672302154,148.4928802862081,9.936241094282197,130.24937818784065,158.08215385019054,157.74357626557688,6.296994814993131,145.43893192496154,164.35705527505746,-0.017544802010407562,3.232453803779408,-0.02916091220518524,0.6679424791389308,0.1046726328385445,0.7583901768073077,1.0
Copy of push up 146.mp4,correct,right,132.82700138958182,45.824887430437684,56.684039894476086,174.0728332585146,135.2971158529802,30.520041865512553,82.62956803240195,164.39911798624252,173.73253751617324,3.1756026897366327,167.070377563971,179.89788199224026,166.49136902167677,7.436213191386729,157.91085592831465,177.8714077451547,170.72810842444665,3.0331661878792837,165.06863858143376,176.73805958983755,163.5301165044329,5.962694481327403,156.7638007128284,172.75317385796845,173.87915149146167,2.7958543907781697,169.1780131858476,177.95481163795895,172.8433085024593,3.0883619532163196,167.60541916152954,177.38166130402857,0.03956530817765778,2.3839878404392976,0.02109272879433646,0.6957070528408801,0.028341122528360612,0.5730962414244055,1.0
Copy of push up 147.mp4,correct,right,137.0545105189703,44.45392482024986,56.862269735328226,174.1989980193817,138.41895630508904,30.57077109240545,81.9368554650049,164.43140326887664,175.1442227788402,2.1716722754228037,171.59189737662783,179.9673368343624,166.99851889287876,6.364289296542973,156.47449670210787,177.45602425307953,172.18762141372164,3.0826572905310985,164.6584280491341,178.7302005952489,164.58522550627464,5.928574393238556,154.92403775395482,174.61289346115646,173.2866576871071,2.5976624352095747,165.6251937674539,177.3958301591859,172.65381508598827,2.7622124376596124,164.8964142325653,177.11591558612514,0.009292582633732395,2.1687045423237734,0.034479640441478374,0.6351982473050357,0.034841914808635056,0.6299598972038375,1.0
Copy of push up 148.mp4,correct,right,135.0451101403375,45.349108050897556,58.579446129356725,173.81283047132843,138.0869009065984,29.796025533815772,86.77937078581178,165.6786737580734,176.73621182036067,1.9984131261780622,171.03640990431205,179.77072880008257,167.34688110856996,8.668900496568988,155.00661813260632,179.56660720706896,173.57901957418355,1.9019311331595625,168.43864444690914,176.74519553203265,164.91302437172672,7.386982185642378,154.04738110230105,175.0813580511403,173.04683376878947,2.723261761059668,166.38944009233296,177.2002056703469,172.47734267351697,3.1003756770762942,166.18914626811727,177.14658675024498,-0.0015539781924784083,1.886162441418838,0.04852643142252656,0.8184210810694335,0.04509034221935079,0.7408071961250194,1.0
Copy of push up 149.mp4,incorrect,right,136.93631166650735,42.78297731931159,51.63170992990553,180.02514462924717,142.87974771033512,22.898407324371398,96.69870028169167,171.72895968124666,169.03450279554505,11.531608418442138,124.4598543182253,179.77248336361538,167.57560714761033,10.628590069470038,124.8861732726248,178.9293193147951,170.18552103938163,9.639408828039494,139.13834483917222,179.96365351930703,167.06561816905693,8.53999351793322,139.6768221788833,179.718252149526,172.6937150050687,7.5652131552629625,135.63579992978606,179.90692097555683,164.8014416783333,6.602678628762821,136.56596771826895,173.62650060537732,0.0014758969884557304,1.0042869458123367,-0.03381075560969329,0.9994071520315136,-0.03272383727319422,0.7839099282514556,1.0
Copy of push up 150.mp4,incorrect,right,139.84401064006767,28.635887900901515,85.71002127181578,169.8967890957344,135.0329322975275,26.739185547746427,85.8082066220336,161.91164986648616,153.69709765521972,13.766389343623704,133.63482425309172,172.4891052351935,155.87746120365352,12.375355790368923,137.84589743082418,173.41783771470594,168.20881697165092,7.696616666420973,153.56949930249473,178.59807816470686,166.1936669857321,5.861963323327394,150.27292784741778,173.2591055235071,139.30093055500993,9.53635378689889,120.02989510250706,165.91283698107173,142.12747731503032,8.489944106569666,123.1491860946694,162.93070317971828,0.02184352011353313,3.152132776431216,0.1788693112874931,1.633788086256907,0.3612814172157174,1.8325936860949503,1.0
Copy of push up 151.mp4,incorrect,right,138.45776023585273,27.763027881031764,88.8800797507004,169.47262723772755,133.69964453181998,25.882924488455885,87.08978094386433,161.06142831598342,155.3104352094432,15.241083877612638,137.9018565490703,178.9714574215294,157.06317909816354,13.17041011327807,141.11141253623072,177.1921130856278,166.98123773949683,6.960685555538286,153.56659550535358,177.92695235162404,165.59007156468726,5.311149407427776,148.4330787106716,173.4054453297943,140.24434185010415,7.030742880936346,124.48360874794382,153.72872829634963,143.265491985789,6.00187944027307,129.02654645673312,152.86494034373027,0.014183480590101818,2.957176216582822,0.2168143697856228,1.4955643614760188,0.3074596286616206,1.7886528250335765,1.0
Copy of push up 152.mp4,incorrect,right,139.55097428413072,30.210236001957927,83.44142640984865,170.25960408581778,134.85460873707245,28.282465872913434,83.10722939967053,162.04999074561673,156.65050111298507,11.874425555082404,140.0812482166257,174.1144564418114,158.53477578066932,10.542078195638604,143.48569805278723,174.04171445718555,170.95650846828477,6.092048161687747,150.33478931020855,178.85819248816813,168.60151494383126,5.341966603460404,146.17213656752986,175.56860172650477,138.09020296313707,7.20785586547692,125.13935546752933,158.6296244961843,141.38397024734383,6.069516076524463,129.80437639995483,156.42170761506344,0.02172491412656847,3.227363760433036,0.23309170660337006,1.5148434416121397,0.39665492714267253,1.6008618177854574,1.0
Copy of push up 153.mp4,incorrect,right,146.99684595499255,23.652152164759023,101.70211059603797,175.2616567279823,142.0103627819368,22.224838222453783,98.68997584125981,173.14741829920206,123.36057944973312,58.436285751772346,-7.424064236188949,167.90942531189006,132.76699210105494,44.20696778188965,35.41043477277712,169.44648424716797,140.43488153512618,60.90346658870197,2.1725472300987,179.60815740638805,138.1068814867112,54.57283663904912,18.2507339113785,174.99020717527333,137.97676242751243,9.06675474402824,119.93247078350112,154.30713070276985,137.1501494190885,10.318116793300295,116.43814185292811,153.53946040371417,0.03048505259815531,3.0827511731744517,1.9262411759636366,5.6162155540488765,2.272516508526925,7.04218464089252,0.984375
Copy of push up 155.mp4,incorrect,right,147.71985361127142,23.943031856514683,99.08397990771851,171.08861081947813,136.58148230431507,21.373603941994176,94.30933793501862,158.05698665051347,128.47894283522461,6.730907373315646,104.14277574612782,135.33964779414146,130.2660817928575,7.010366239346967,105.346857741218,137.87001302534821,121.5148006205545,5.95256019624663,100.58261692570939,127.12755015223962,123.66039216913155,6.074908000121328,102.43050101768983,130.4106010442304,164.47201357568704,3.5679756980488166,159.90984055275683,172.83308002796878,164.76763546502102,3.3930231959352115,160.35344007951588,172.7646280488717,-0.052223368027178314,2.7844382820077542,0.35075889774903024,1.3291425744977194,0.29835236227770556,1.1243778617465687,1.0
Copy of push up 156.mp4,incorrect,right,139.3039204813881,23.316238038221993,95.61467663985856,164.7528092324723,130.71019253271865,20.119277329235953,94.274123721662,153.66106074631284,130.65851466958148,4.2731056844877475,116.9525214795494,136.55325026258473,133.28781900923636,3.682434533878844,122.51654628039306,139.56467973579606,123.51737711944456,3.6443578676680795,114.10355887588643,129.77504630285424,127.06641369477622,3.092529961857968,120.3712216642064,133.22827255030234,164.02939637959932,2.4473070231117626,160.63184273801522,174.04797167116587,164.49222822948005,2.401207964525198,161.13697725843278,174.19846328815376,0.029320505110816172,3.0812789218435266,0.2896343923328786,0.7144754857565676,0.18734192745279526,0.6872301824931487,1.0
Copy of push up 162.mp4,correct,right,131.29587406589033,47.77437896075859,46.26798404054741,170.25862287165614,138.5267593174223,26.241079703260805,84.84017639002758,161.99963570927588,172.4210387278411,2.8759275584766866,167.55462516011227,178.18962270476123,169.25925818111455,4.007010055846262,157.75106492783686,176.3380222712492,171.00429967270873,5.466885516204433,163.30736999641528,179.82676102192175,168.0183344295575,7.08177519211391,153.34700280391252,178.79877571506307,169.7440853731926,2.134083181877068,163.78201864975273,173.1680232685075,169.21694821502808,2.160475089184295,163.06336797426067,172.6178072240814,-0.005544960345552181,2.195751126176491,0.041760167192554695,0.9348680903876897,0.0404834178021524,1.0381449744361357,1.0
Copy of push up 163.mp4,correct,right,125.09392401005506,47.6073103130932,49.52526977080321,168.69954226745475,135.2316778977492,26.30469822790116,86.91422784892602,163.57520587470853,172.40510019667042,3.0493620468401,166.36396656595417,178.53375912725176,166.08390164957203,5.016359091688903,158.41629864916462,175.03912856897426,172.79920596159334,4.085145674087814,167.6443051518691,179.30358661011434,165.718903299473,9.801230107023667,152.5498167912975,176.43799535123912,167.40998379249427,3.047487438032073,158.4603546769015,171.45610390406551,165.890402169129,2.417875355510098,158.2706001425562,171.44832939914954,0.12011812845317446,2.07926706894586,-0.05432456173734154,0.8803534794439721,-0.07005455266491133,1.0693894703220437,1.0
Copy of push up 164.mp4,correct,right,138.17070308693107,44.25870961017301,46.02321732730786,171.2368344996629,144.76454726136194,23.055256037501838,105.06017153810258,167.06329034578494,173.4606651488032,2.5616169922324046,168.70272529865008,179.30525900474868,166.99398003038766,4.299853947056479,158.4482609640038,174.8875245411964,171.95669765057258,5.052950867496891,165.06702638559028,179.75491583765213,165.1674884472999,7.138907018094267,153.5269127053496,178.3247677864114,169.4529778748239,2.4696222844729636,164.63589085777164,172.5944225684114,168.7364551172412,2.042442683399852,164.72808771926918,172.0536072271455,0.00798436155063629,1.785056989064314,-0.028602066544708118,0.7055751636631796,-0.037523398336008644,0.8199643645225511,1.0
Copy of push up 165.mp4,correct,right,130.13330973597664,46.077509598368955,45.75134156488523,169.50253699656358,140.54452848310734,24.156673728360733,103.60545202679714,165.3216895534718,173.20633398569345,2.991071336696045,168.6359107615565,179.51467490167067,164.70581228144982,6.77831158022791,155.5423231665366,175.00379223297224,171.93727419446807,5.6004285488834675,165.57207304642301,179.5662476609969,162.6828999329749,10.081347585150167,149.9354473586555,174.34030365994252,168.09592938188402,2.8101149635547356,162.274600740148,173.44343448720224,166.7906540564021,2.497374352643226,162.29544734633498,171.89682773403626,0.0351157813247313,1.890583120310013,-0.04002673494757532,0.7864464097511296,-0.05736680997422825,0.840713582356525,1.0
Copy of push up 166.mp4,incorrect,right,165.82997016331595,11.746953420252984,117.10623569730501,171.74135553702934,151.05720716900714,6.558114525278433,128.503700817992,157.60851813650413,135.98622598597848,7.542203096620651,124.94977062070805,155.31535680395808,136.58348399950282,6.445239404208192,125.86513975415653,154.7361263244763,136.2368580861841,6.8392389063573935,126.20579625299715,155.01698785328082,137.4976626161574,5.792799313184807,128.181439996402,155.1400482277596,177.7433875216096,0.9250161569767275,174.81807865424292,179.6202864050905,174.1424087627867,2.2737723658523925,170.20473490769336,179.0696901540432,0.02082387404654409,0.8590982214238825,0.06303700242309514,0.7671139491552541,0.03875341544061148,0.7779121152071145,1.0
Copy of push up 167.mp4,incorrect,right,162.94475639847917,13.284366369078796,125.40827119466705,172.16686536005085,147.71264437312178,7.496899537177205,126.04752968541652,153.55955551569176,141.26886052598644,3.8595534499971538,134.97937727662548,150.55515377439662,140.71997330935906,3.6561950368004625,133.9541177530561,149.11327568701938,141.62664260978624,4.42707997098256,134.39378186573185,150.65978733687257,141.84347153090155,4.402020757252003,133.9213129641904,150.68010179245204,178.46432306330044,2.2709343067417187,170.71958753637318,179.94173427160933,174.78365102602712,3.2344744875970464,166.43353879573752,178.57562406689263,0.030493042787108765,1.2441795546154788,-0.06384517043734188,0.8177147948022959,-0.05971063020569154,0.8703939359169155,1.0
Copy of push up 168.mp4,incorrect,right,162.1187611258076,13.948322930964315,125.43114629431108,171.0956976811305,147.5694449606575,7.951789228349864,123.88269063102354,154.266322274783,138.76232698516014,4.741045601878188,132.80817480019564,148.5531598044774,138.82689952019822,4.173630753780546,133.13461534791188,147.5302643200798,139.0902901457501,5.2775418584237705,132.59279213755224,148.01629979045316,139.89730161012776,5.161168254428647,133.37048201041733,148.52543735626054,178.1164775234225,2.1080154484167557,173.1908681481508,179.98242891741285,173.70159733796206,5.498247763005664,157.7906290475129,178.74941623768945,0.0024945553641925874,1.5299840422571147,-0.043585828849132716,0.5592049075075455,-0.03529689553234449,0.6626318584121517,1.0
Copy of push up 171.mp4,incorrect,right,170.11160935442425,13.230859094972725,115.06474846072496,178.10178137326943,155.2362625605652,5.877992861827513,137.76629002517353,164.00003995211688,152.2659457152032,10.93505077112986,132.80300835250992,178.9713279352554,148.83926953263884,9.446628253915174,130.41212470410395,175.67046138623078,155.1018312123886,14.021728112283704,131.92418723038878,178.20805493335808,150.0668254413786,10.974099665971249,130.86320676150734,174.8693657659523,152.51431973961857,8.99218837093281,138.12444275291574,164.49010411324758,151.48695330260276,8.992221175213091,132.40269562177028,162.8272486531793,0.01717235730253313,0.7628591895728403,0.02220248397313759,0.9155255447414465,0.02977866582562169,1.0087504101647515,1.0
Copy of push up 173.mp4,correct,right,146.21347859947886,33.605722007515276,77.23909987614708,174.76233765448254,145.95233523738014,9.204010206493132,128.68447986283195,158.30207565559274,175.53967061514567,3.731868332008194,166.9758816546613,180.00103627204817,172.88563128545246,4.502549125980877,163.42867370117807,178.01400457705358,168.06003490108867,5.134571884238163,158.7701136194767,179.56130077788524,166.5302521011875,4.947748616552655,155.38954066298203,176.03921765432702,148.71620192098712,3.2591151794506166,142.82398947886693,153.97728955042746,149.5138802310716,3.4643467152298704,143.64163132102644,154.2972682874344,-0.023354134557945036,0.9947696477926349,0.0540341151585542,0.6231735997649493,0.05448612862371243,0.5359884448089656,1.0
Copy of push up 174.mp4,correct,right,138.75092959108028,35.01439073642088,85.837172641959,174.72950194226658,141.7555786113209,9.95223105278181,127.23264369625761,155.3327032077259,173.36214957352797,4.522392596324895,166.07355749999164,179.69063822434188,170.74929074204107,4.178572508802684,160.73403695557528,178.65644268079546,169.1007176209208,6.344810166384806,162.45577346148448,178.92203009247618,167.4664440560789,5.711415176793271,156.30973448754781,177.08975289433576,150.46319676841816,3.0006044085492825,142.3645951214088,154.25118308706294,150.91726953986867,2.97891830150786,142.69212670099967,154.86870178193556,0.04257270998054489,1.0933050297979967,0.008683308294010973,0.8779045953209744,-0.009265556678909093,0.6743055272605042,1.0
Copy of push up 175.mp4,correct,right,150.30861686521433,26.129263176512076,88.3145348961865,171.63372971590175,144.97279609670048,9.17186786821531,128.5316448559022,154.10662038850342,175.5844520780362,5.360594031200869,164.05297152562417,179.98218786085044,172.88442841912425,5.2123747887765415,162.55433857399836,179.2769044882897,169.67542864525018,4.472738091153388,161.97181917921847,179.6835180358331,168.69343785572866,4.780629889743574,161.1631651798173,178.38262410031396,150.3882966809253,2.7572896095216515,142.35047561728967,153.5906556486205,151.3675010861808,3.1678259499871086,142.96031619885892,155.26705476616118,0.00457786183767778,0.9117475719698793,0.035680900404266164,0.7657592813425226,0.047840082539289806,0.7720925405766218,1.0
Copy of push up 177.mp4,correct,right,136.75136006444748,42.65907920397173,61.58461203429928,175.85781432479953,139.26268763470264,26.392318075365086,99.528808991365,164.4280836997326,173.2031112129075,4.121520090961583,164.2731192486831,179.7609919053595,160.92532303951398,4.968373274393916,149.99008831386703,170.23136706837073,172.05674945316144,4.989983564863192,164.1616211905993,179.70140535406495,157.02537588081324,6.361380313805102,146.5440102223148,167.30649270778815,159.86990388460435,3.7146486087323107,153.5325145745864,166.8212521178668,157.84604970945085,3.4850400008405837,151.65123311377215,164.35275925545085,0.03766001059356889,1.6903170996511678,-0.07801770959027177,0.8496666813330314,-0.07961925582457736,0.7640114415372622,1.0
Copy of push up 178.mp4,correct,right,139.99111054173093,42.612205711494454,62.73106472745174,175.84875652865693,138.67029004028885,29.96405503892005,80.26761480548058,166.5131249533615,173.13316227878377,4.7587501589116235,164.14315262786897,179.50040030893086,161.67157367981153,3.184293974783084,153.64491042636186,169.25855270836712,171.93059983397856,4.266122452505597,164.46467093073352,179.7037378038347,157.6933697158754,4.43744340545676,150.40614839289557,169.2730220021984,160.18151372876827,5.228601159702217,151.27428083692794,167.2727526308687,158.11067723019326,4.725210235060048,150.19232841753643,165.2183827012335,-0.015089222443790976,1.8676608193376076,0.011932361855488752,0.8426342834126549,0.01518723733090436,0.8121036648215992,1.0
Copy of push up 186.mp4,correct,right,143.1233004103748,43.54189748740793,66.46374251380999,177.96631471130712,136.1064860684553,25.874950573962103,84.53032693057328,160.41443052310453,173.34832392445742,2.690052289751875,168.66708411405517,177.70760785310898,172.19672351117708,2.1536850523524946,166.03553268543828,177.0342052235343,174.20849302046588,2.208188545439758,168.60013696044342,178.12659352952605,173.32603735470298,2.3477759129742544,166.3501656579971,177.62739259163894,177.30413214030477,1.1386275182794243,175.23924597193297,179.10346941366663,174.75039153759224,3.7081104872024286,165.01537906126538,178.87636331552557,0.048857387642806484,4.711527245717589,0.016800111545715264,0.731001209796177,0.04713025536591431,0.8772892958363424,1.0
Copy of push up 187.mp4,correct,right,139.39221940842086,44.54369204581905,66.69083704597472,176.83349406208043,135.23194695326322,25.921391762406213,85.23958288479449,157.7309968838701,174.56242242840827,2.1834204683039657,169.75786635250552,178.28641965804138,172.48926220815542,2.670790697562156,166.95263086780864,175.60468145578045,175.03256852442541,2.2412199975435483,169.31923528298552,178.9554206086052,173.53495893970384,2.8740969608898594,166.53001183596731,177.36837163330142,178.1486879655061,1.399691282421368,174.16819585914365,179.70868839755485,173.82091129647188,4.760378584036757,164.40759599840734,179.2559653726516,-0.020592103331892164,4.002929186324241,0.028999158320819226,0.5905917240594128,0.029400794348061376,0.7041978568261514,1.0
Copy of push up 188.mp4,correct,right,135.22743183219308,44.77832479819902,66.91686861733209,174.92028862277658,131.9615444551651,25.27031637784005,85.58374472542394,155.29403781968097,176.04628738964755,2.049401649133318,169.40033299339552,179.1014116387453,174.27164854945917,3.582350447753981,164.98830152260228,178.0859658335591,175.90460897603913,2.11594286142099,167.7877102228628,178.14409262871976,174.92426999838955,2.7729614008811585,166.51813699605464,178.06825534085078,175.24161592839096,4.018332096393252,164.40407810123034,179.95952326325312,172.50987472379583,4.581670924342887,164.23929421677116,178.66116159744575,-0.0029593772689713825,4.182699125339047,-0.012440816755326475,0.8479730570167303,0.07437605600133299,0.9020818504540266,1.0
Copy of push up 197.mp4,correct,right,133.67353934861725,35.804054364797494,76.57187636602653,171.0945733497998,133.53289188777973,35.286669905450815,77.50573238878866,170.92050213798885,168.78473629496884,4.748387688597611,161.2190150347588,179.00572985157987,170.27032872404908,3.7670291190798317,162.9355592527465,176.47646903105635,167.2137885465396,7.441547613242641,154.8479948580656,178.8593091535916,169.2574953834775,1.7596594776127585,165.06248074721293,173.46086051352373,160.2671183264714,3.5513372136439436,153.00605789581874,165.93532133331746,170.33674781213645,1.815096562441733,164.54622058929354,172.3747000542241,0.027440332435964276,1.5984092426268033,0.01354046284414439,0.34749244410520036,0.01699814313807649,0.28343147731844076,1.0
Copy of push up 198.mp4,incorrect,right,133.92811564867944,27.954581597582273,65.90131824177912,168.95246776354645,134.2001935276374,27.35626901548986,69.59902036808073,168.9280146856263,157.88912662349753,12.016146810012847,143.5047096347489,178.54412946952016,163.45861923574805,8.171613496601058,154.60814912747907,178.11682170160628,166.90813105616,6.044422035176335,157.63098287635086,178.84030063577504,168.63420004159863,5.091405696709083,160.86000542233612,177.40356992185676,148.91256583935476,7.968572859260983,129.04891247329934,166.49966265429498,166.3611431705227,4.613521440084114,155.99978758162052,175.1747696994637,0.04072643201200032,1.5475765234993015,0.00549235575437714,0.44068327600068086,0.03533598458196184,0.46524359513569546,1.0
Copy of push up 2.mp4,correct,right,151.12044122191762,25.617109733772104,104.09423016880109,175.52432660175856,146.41599081630713,9.868679235850749,128.51777483360047,160.54998114334091,172.60206031724286,3.5780392614317353,167.41211131814643,177.8271376799949,170.66473812071592,3.526208447649987,166.45522470402133,176.9973099138657,171.58019812371091,3.6694497727264714,167.29155353323534,178.33341352500335,169.45617680352137,4.303268702933347,165.31035946266906,177.35284039898153,176.780352684865,2.4272580996926347,171.02536311271973,179.9692792369754,175.03666426162314,1.798559385973792,170.928132759961,178.08916686210682,0.00962119762335106,2.391754094560307,0.05694678722934902,0.699769902686224,0.016654146847699013,0.8670353367806891,1.0
Copy of push up 3.mp4,correct,right,152.2174084452482,23.896177050598045,107.84215681153643,174.6386747495381,148.76080495461173,7.656645470422353,133.7715643903479,160.7295962860835,172.4169354354738,3.550392485634115,168.19746905315696,178.28648789541018,170.7570197085251,3.7294081724695154,165.99906246562108,177.4376692502952,170.86320328940886,3.7388781943833544,166.6332727724481,178.08272164580717,168.61451156466745,3.900241525293227,163.50932799429387,175.99155233627198,176.31558654228607,2.0930296606528485,170.19569981088958,178.805808224574,173.72754466530154,2.353915863668056,168.1819685664562,177.03102495503032,0.007786852808370846,2.2005055885924456,-0.02432655754603999,0.7340910758186416,-0.026908834095927564,0.8277547701511275,1.0
Copy of push up 36.mp4,incorrect,right,122.45719573076143,55.05075144218361,47.30123657453423,179.58002799260424,127.10391261570892,45.823933879096096,63.179166568584805,175.54018387827642,152.26753198118607,15.172616646221936,132.77773098177255,175.035150350862,163.88485815481272,3.749268031800484,157.87004354989153,168.82807241535295,152.42139637247374,16.6215125951268,130.0861969740803,179.2510411034105,164.19702235669754,3.9603386672914915,158.4912431643257,170.04026579138457,176.09207741921134,2.8056896989801507,166.60985894880503,179.50657602317727,177.2622140834415,1.5208746452702606,173.24997437475923,179.28062886311054,0.022257569588639635,4.462979546657649,0.029755241141611755,0.6217431039426843,0.03947696367127766,0.6319280426232863,1.0
Copy of push up 37.mp4,incorrect,right,115.64330606191425,52.16201928166429,47.67302374420734,179.2862118417654,112.35841094910768,45.837401509246384,47.20497952669217,166.45410983589346,169.3071030780152,9.739993277423821,148.41079317937906,179.72668121570024,169.39277822261388,9.286565240528756,144.69177565347488,179.2243223650877,170.2330857507487,9.147028606342504,150.3127029033701,179.38234768000365,168.29902361937127,8.419046033075055,145.20853974470504,177.02132266643815,176.55342643109495,1.8077792350426392,173.07388185636609,179.418774008937,172.22892533157344,2.5738206044130068,166.1529804036706,175.91111158067577,0.03816286033593008,4.793496512320371,0.2891226491634274,1.1855109313984782,0.28269997620322224,1.2345934366358113,1.0
Copy of push up 4.mp4,correct,right,148.83131472455798,27.10576435598896,101.83467304662722,174.69837077238927,148.449606765406,8.672772186545943,137.06120138923183,162.48635046571678,174.21923721564627,3.7339248688610738,166.17195372092664,179.42845436125972,171.06721991980243,3.2979960848275813,165.3935086112158,176.92958072408237,172.79122448170364,3.7434886384732873,164.43688697266867,177.4590523955083,169.10573622697095,4.193910162776218,162.3788712626884,176.53454190427627,176.1798520020147,2.5199238320604627,169.99517736944273,179.1412146851085,173.89147624889586,2.3685423188111723,169.16756109280556,178.78417298267865,0.14350367895957053,1.8407859653700425,0.02198431363661411,0.818174313116486,0.026175596578084485,1.0880657598482746,1.0
Copy of push up 42.mp4,incorrect,right,129.64907429968306,47.5628795648712,50.07287626626875,174.5689536637721,136.54882800166752,31.216810156691132,91.3314700918011,168.57726717234323,169.3385403678643,1.6632353571393175,165.17545934120994,172.71259316109558,168.71257037649218,1.5635771223485997,165.07568905635384,172.46900374221033,170.79361153410477,2.4941918813995487,164.03134130624818,174.84851748549534,169.7836960454249,2.1251372106961823,164.33856797939376,174.16637962097002,175.98765992804158,2.1117381769735815,172.17367237124012,179.67230447801404,173.86170314531316,1.435138831696803,170.79331927709396,176.70050780639954,0.10083704318878058,2.179701598562644,-0.031371189125350994,0.38892645868295617,-0.032034638548538434,0.4867828069850256,1.0
Copy of push up 44.mp4,incorrect,right,140.3443511592364,39.765046307847136,64.33597191436246,172.1502341255325,145.08143379693988,26.55541775998352,99.10618484649845,167.9915507202529,165.5150353742165,3.123127486288106,156.0641662802398,169.40748183137762,165.29282545144113,2.7511336787001666,156.882665203031,169.93197319806887,167.3262918136663,2.9062408857836055,157.99770427378385,169.9505283334799,166.21344549021055,2.5530269142728437,158.79626240646195,169.99208687229583,176.18266547316622,2.4025387158357314,171.6803913931396,179.4824884198104,173.5722511392533,1.7285099292318413,170.16321771759277,176.95754912845211,0.02119964545733709,2.465827731994781,-0.04142013442793855,0.5886427626311956,-0.04135587167129056,0.543754139477582,1.0
Copy of push up 46.mp4,incorrect,right,145.47419367498532,36.678460463773675,72.01215627823552,173.8583626237162,148.61411125230012,24.232597268045698,107.76680384774366,168.1991913629451,163.40458941320406,3.473083579991804,153.86164446130286,169.8465381944846,163.7721605783311,3.3728877974765843,154.68257841806053,170.41169694864524,165.8197061857454,3.5004919346262384,156.2691603687849,170.70057940157346,165.8853706972158,3.2453718484036607,157.07704142215482,170.5637382930158,174.95820066059977,3.3727010404999973,166.51632666927867,179.38516451410578,173.97742968942427,3.258606439432858,164.90230157212812,178.11576196972553,0.0004792531132015984,2.247780181318594,-0.05856351267401653,0.627415521520849,-0.04444945491107519,0.6631960765769174,1.0
Copy of push up 47.mp4,correct,right,141.9232741852146,40.156413488230115,68.99100414975103,175.15762090302294,147.50579176643956,25.46734643874621,108.40459981257139,170.23971715110895,164.20596444069514,3.185059817848844,156.96595220783473,168.00381379250803,164.4561798303582,3.082584799725787,157.36545186629536,167.84555575138546,167.16990577917352,3.192505202521465,159.10796397502602,170.81915676263003,167.08379934933063,2.944218862087903,159.65235373149267,170.36144480433538,173.84891457266582,2.913497042514271,165.8663142005766,178.96987928189068,173.06303979594367,3.098537070379679,165.13619079258677,176.15346723322745,0.011464912238555437,2.2492796453607506,0.004830685364595713,0.49882230037287295,0.021775730783386817,0.5531158233121426,1.0
Copy of push up 5.mp4,correct,right,152.5192774692141,24.155303536765704,107.89803629647095,175.40709717859346,151.82736093785275,8.780482213943142,134.72495270174414,164.1708388004599,177.55789530889584,2.2248640560393422,173.920566802865,180.9588778469821,171.2836961607691,2.694919814559483,167.67773248380087,176.24608339796197,176.50427102784278,1.7978781635379373,173.20368731838,180.49100905227576,169.54755135459922,3.202334130297447,165.2461653044961,175.78219605781652,175.4562771295863,3.113399019231081,168.5367326900602,179.16828069196717,172.76473996797637,2.7835877704846776,168.26134470033003,178.13583055186646,-0.04473581726655267,2.2854074671075617,-0.09009959703194863,0.7463381648295805,-0.11098101941675236,0.9381690019091427,1.0
Copy of push up 55.mp4,incorrect,right,132.5917886223782,41.966280947463936,59.646858387943965,172.37201984227687,129.76762621177332,37.07353934360938,60.02067951223444,163.3822780783396,159.36240398962127,5.808471644406049,145.31287929854963,170.44236081691048,159.7234829773134,5.801942251112352,145.77806558851412,170.4877546640987,164.28564418688515,6.115728366855225,150.70740326315592,177.1884380803508,161.8377449428815,6.845658530222123,149.13823404687847,177.12071784413985,169.8075386446012,2.9803753595397695,164.29732648782274,174.05995261424624,162.84384402366211,1.5643861728831943,155.99652668894188,165.7507711761238,0.030437572358018677,2.478507618254942,-0.001338255106461921,0.8554784764386525,0.028112986081772564,0.9957813247157423,1.0
Copy of push up 56.mp4,incorrect,right,127.67255641018902,42.337438801545815,57.87440474224664,169.1614908931084,122.95753737718316,36.74603625289233,57.07923861203709,159.00524214267722,155.74096134500053,6.523231405819182,148.90606178825416,170.07579302837954,156.17575793514564,6.176544571732297,150.04096787427648,169.42160043450662,160.88466433425342,7.942738747549285,153.7345452791569,176.17002914862135,158.27194150970533,9.013101934838703,149.40238719678962,176.25892940636828,169.21723994225692,3.441397157371248,160.34789802828132,174.2113602213857,161.12509273113213,2.5475090550670547,151.39150981156934,165.03481188195258,0.030850914867779414,2.504418870751834,-0.05061843698383483,0.6495576957585558,-0.011054549382508234,0.8606101794696299,1.0
Copy of push up 57.mp4,incorrect,right,152.76459508624177,25.960223046105657,99.99063940029427,172.51809848909696,142.14396309625587,18.209286931891665,102.20622252558525,156.7285187056461,169.46789184504584,1.9937178297714484,162.91146684411896,173.77115159991365,166.02748994493945,1.7579434409889276,160.2726447568539,169.0059547614767,160.473337660231,1.4006519269197668,155.0612327541104,163.22748492507043,156.96750390365784,1.4981710293010861,152.0720260673132,160.0196200202942,159.41836211637838,2.6259397445678943,152.6776916346545,163.2857747046699,158.24703895453814,2.018504185544323,152.4981415623501,161.27233857614792,0.06874672942030131,2.065561783246985,0.08749492626466612,0.4369408854512897,0.06740917451543282,0.3903368299125412,1.0
Copy of push up 58.mp4,incorrect,right,156.5483348117085,22.842367051605798,104.13903057958815,173.78638479585626,142.2954570759222,16.059351778512752,106.66421754758896,154.2716516921659,166.58835355515586,3.0444886910733286,158.6267436903417,171.37703105123194,162.9428519562119,2.436069302784931,156.85837446475108,169.1620381423657,157.98574913431244,2.648543988616615,150.84985848288974,162.61247253624026,154.21325700740115,2.6695954085950837,148.78143465648284,160.96133122984986,160.40710703814963,1.9748501634694187,155.9064141504112,164.8149702040457,159.20132151767612,1.8595504416449342,155.51760565812748,163.1148965909578,0.03311162271515948,1.872082627994282,0.07118835545092866,0.46707754224496684,0.055201703862027336,0.4575843998942499,1.0
Copy of push up 6.mp4,correct,right,151.5283109575989,25.57295451573404,103.22697790857777,174.50708212639677,149.9565208197605,9.14204476083557,134.66667501124752,161.57047696138437,176.7097314910867,2.699690285683536,172.36502868506162,179.86035482602466,171.72124606251145,2.7424527867936406,167.56993508520264,176.80865370599798,175.883651091595,2.4457479747349424,171.07102242077036,179.51029385702518,170.3631837823629,3.99914382091191,164.53758863596534,177.47338095543833,175.94704941366254,2.9413869673367463,170.95417696970767,179.62945025717823,173.20914594709313,2.235563892031658,170.00867623170927,177.62162514792362,0.0996321815919531,2.067593806624936,-0.044367503194668076,0.5211177838681778,-0.08800687794340653,0.8094767465218097,1.0
Copy of push up 7.mp4,correct,right,152.72162696128396,24.4584775362631,107.21880378768799,174.79995835428537,151.02237223681257,7.836093631437509,132.75799801904049,161.29724596206202,176.39375347250459,2.5875596093064117,171.07786385035388,179.1233683603503,171.9215421216379,2.1972213986902838,169.13804683892602,178.15721785164254,176.594305200753,2.1761187592877413,171.96208793137328,179.24833661554885,170.72480314693613,2.8995083412925333,167.24562160923702,177.299453809844,175.38855681931707,3.3035857991725033,169.85893921839755,180.0158049227843,172.70235960579504,2.722060498764862,169.13473272922207,177.34612879853893,0.058086506125314394,2.1763401388025643,-0.0797531742211894,0.7415946686225836,-0.09982650393466859,0.8720361578039771,1.0
Copy of push up 78.mp4,correct,right,168.90993564151756,13.976939809849744,135.68600563162505,178.94933953549776,157.8952240977853,3.5427393895304577,150.0121049580116,165.12028501418482,174.25886885751112,1.9873944097241827,171.18554169506828,178.43920339343003,173.57232308594524,1.7253289265890808,170.47207428124688,176.97793200607418,175.73531821528704,2.3148136748483727,171.10805775914514,179.4565549037407,173.2088528381819,3.0195622298312674,168.13389355735092,178.43913988070503,160.8096154664464,5.858410794352585,153.40734851362393,173.12159611243018,158.36322477933638,6.266895094015944,149.91117716607226,169.26970221127158,-0.14907288145201592,0.9447948354692433,-0.03919388347745661,0.46072490549543704,0.03937691915906957,0.7330025046293885,1.0
Copy of push up 79.mp4,correct,right,160.2935140783967,22.086531892027537,114.98148890153922,179.61675699982453,153.77921678209725,6.887248528016896,139.06895691536542,160.30193953470763,175.9415157707376,2.9811379425766558,168.0142739601367,178.88643195879803,174.09550675831483,2.185011487437443,168.00476246741795,178.01768479447148,171.92117639826228,3.4726921635910313,163.33862583067574,177.68787067581576,168.7392363747645,3.911233598485059,162.42728200065568,176.13100870413206,162.42078396684678,5.567113351962652,155.4499866094338,170.96910353649923,159.45290179122443,6.394663316245898,151.49571889328143,169.72334813140128,-0.011651347638250669,1.6359201669804766,0.015862054501989773,0.9562632837453526,0.14788682904833064,0.9800117951601145,1.0
Copy of push up 80.mp4,correct,right,134.79395409076608,43.90432357979309,72.50593225528866,178.41693646024225,138.78898306274934,18.303415644331917,101.14418588260449,158.44481538134607,172.96762231847018,3.1638550111402273,166.52164685767215,178.10595109729172,172.39165414514935,3.182427151515332,166.09849141805,177.64932054720498,177.58431695250275,1.4576927881553368,174.93347059084368,180.08888376954096,173.6139843436025,2.826619043980351,168.31567916864623,178.88891174633,164.72223233226515,3.138082524728455,157.34163724270292,170.49994761241203,163.3392030755371,3.8944061548444457,156.66835978205248,169.53653693208105,0.03275709618171491,1.506441865506602,0.011542993414605846,0.4108790932572994,-0.028820752694977286,0.3974125219939402,1.0
Copy of push up 81.mp4,incorrect,right,156.78924468308887,19.15717596711672,125.18799942504288,175.28178063676867,150.44283941543313,15.555177116069506,123.00503606591354,164.02142943151577,144.63183532115013,21.632506270097565,120.4736029279856,178.2985296387398,145.63300775340198,18.761914031093593,122.59136619144866,172.51854519383352,147.85054914232805,17.047102453545318,124.27757054731771,178.0203412354987,149.83969230262025,15.767726947855293,129.1660520700635,177.47426749827218,169.1452567226495,9.297760027710979,150.2272391178072,179.2474109141674,166.77810952057337,7.718759461998055,150.68418502689164,177.82976764484454,-0.0532544301530523,1.4582334795773753,-0.20262523188312417,1.3282284248751681,-0.1184282966135633,1.6267106640016535,1.0
Copy of push up 83.mp4,correct,right,126.89167281090755,50.71762903094113,40.49462982410594,175.00661930072312,134.72947614216608,24.871537151725434,94.7524400014092,161.6922972671335,174.42748000531427,2.264884389563247,169.99038822364173,178.87715550615138,170.81447348511128,2.8578227298819234,165.85454717507102,176.94734318773132,174.44742084810807,2.16522080132498,169.7921194588415,178.85595096719032,171.58569990322292,2.5446396759238783,167.20332916481328,176.7739297858608,177.673270575751,2.3671952371883456,171.71864766851996,179.7506121480006,174.60942573301497,1.793665113758184,170.01145765612281,177.05420436186554,-0.00813511721094486,3.0206815168891175,-0.09794331448020215,0.6724112490671594,-0.10487653954317194,0.7509912440095929,1.0
Copy of push up 85.mp4,correct,right,137.56290433599517,44.85070775608282,53.198146297253814,175.01416895966997,141.78923779135013,21.704048238374025,106.23071637005322,162.3356130911827,172.03146460226287,3.6819460333288965,164.9906174725324,179.30868626951565,169.4163380414629,2.3138008223812516,165.3698340606194,175.48040830586785,171.60325136061306,3.4070265678821356,163.72085159107436,177.11901804105779,170.1205316451145,2.742176520147689,164.82535422416817,176.0847341304295,175.82772047654024,3.327235525341837,169.38623658381488,179.33403862499586,173.23486922412397,2.5272546648731686,168.28069107960926,176.73597762732157,-0.048957129948851257,2.7813943192963437,0.04796075969193983,0.8583853805517081,0.08255942559858293,1.0443725574992095,1.0
